"manager","region","sales","profit","orders_cnt","profit_margin"
"Cassandra Brandow","South","391721.9050","46749.4302999999990590","822","0.11934341609004479609"
"Kelly Williams","Central","501239.8908","39706.3624999999969740","1175","0.07921628591177563351"
"Chuck Magee","East","678781.2400","91522.7799999999968741","1401","0.13483398568882074124"
"Anna Andreadi","West","725457.8245","108418.4488999999957984","1611","0.14944831420727201185"
